{"count":1,"self":2009.2633088,"total":34010.8128055,"children":{"InitializeActuators":{"count":64,"self":0.00099739999999999985,"total":0.00099739999999999985,"children":null},"InitializeSensors":{"count":58,"self":0.0009975,"total":0.0009975,"children":null},"AgentSendState":{"count":1090351,"self":7209.340928,"total":7494.7372247999992,"children":{"CollectObservations":{"count":12648118,"self":34.365468799999995,"total":34.365470099999996,"children":null},"WriteActionMask":{"count":12648118,"self":4.7120936,"total":4.7120936,"children":null},"RequestDecision":{"count":12648118,"self":23.4254608,"total":246.3190569,"children":{"AgentInfo.ToProto":{"count":6978272,"self":39.8641888,"total":222.8935955,"children":{"GenerateSensorData":{"count":6978272,"self":138.0344192,"total":183.0294074,"children":{"RayPerceptionSensor.Perceive":{"count":20934816,"self":44.9949856,"total":44.994986,"children":null}}}}}}}}},"DecideAction":{"count":1090351,"self":24342.3821824,"total":24419.1548161,"children":{"RayPerceptionSensor.Perceive":{"count":17009694,"self":76.77194879999999,"total":76.7719497,"children":null}}},"AgentAct":{"count":1090349,"self":86.58784,"total":86.803815,"children":{"AgentInfo.ToProto":{"count":5603,"self":0.028431699999999997,"total":0.2159738,"children":{"GenerateSensorData":{"count":5603,"self":0.14223719999999998,"total":0.1875421,"children":{"RayPerceptionSensor.Perceive":{"count":16809,"self":0.045304899999999995,"total":0.045304899999999995,"children":null}}}}}}},"AgentInfo.ToProto":{"count":19559,"self":0.1289687,"total":0.8516912,"children":{"GenerateSensorData":{"count":19559,"self":0.5659917,"total":0.72272249999999993,"children":{"RayPerceptionSensor.Perceive":{"count":58677,"self":0.1567308,"total":0.1567308,"children":null}}}}}},"gauges":{"Enemy_Lizard.CumulativeReward":{"count":25162,"max":14.3802824,"min":-5.63,"runningAverage":3.92724037,"value":-2.84,"weightedAverage":1.38094473},"Enemy_Orc.CumulativeReward":{"count":26598,"max":10,"min":-3.04695749,"runningAverage":5.488276,"value":9.678502,"weightedAverage":4.23036051}},"metadata":{"timer_format_version":"0.1.0","start_time_seconds":"1703828009","unity_version":"2022.3.4f1","command_line_arguments":"D:\\UnityHub\\UnityEditor\\2022.3.4f1\\Editor\\Unity.exe -projectpath D:\\gitHubDeskTop\\OurPhoneGame_GIT -useHub -hubIPC -cloudEnvironment production -licensingIpc LicenseClient-Happy -hubSessionId 97e5c0e1-bd5a-4fef-a1a8-e92afc3d473d -accessToken 8WRKYScetW9bM4TzWEVa6da8m53tV7YH4yhkqrOJkCU00df","communication_protocol_version":"1.5.0","com.unity.ml-agents_version":"2.0.1","scene_name":"ML_Scene","end_time_seconds":"1703862020"}}