{"count":1,"self":2358.88128,"total":11100.8320522,"children":{"InitializeActuators":{"count":21,"self":0.00099669999999999989,"total":0.00099669999999999989,"children":null},"InitializeSensors":{"count":21,"self":0.0019946,"total":0.0019946,"children":null},"AgentSendState":{"count":1871729,"self":691.5711488,"total":828.9516808,"children":{"CollectObservations":{"count":4425082,"self":13.6132096,"total":13.6132099,"children":null},"WriteActionMask":{"count":4425082,"self":1.5960147,"total":1.5960147,"children":null},"RequestDecision":{"count":4425082,"self":10.7457064,"total":122.17131239999999,"children":{"RayPerceptionSensor.Perceive":{"count":312,"self":0,"total":0,"children":null},"AgentInfo.ToProto":{"count":4420868,"self":15.516335999999999,"total":111.4256061,"children":{"GenerateSensorData":{"count":4420868,"self":76.62304,"total":95.909270499999991,"children":{"RayPerceptionSensor.Perceive":{"count":17683472,"self":19.2862336,"total":19.2862331,"children":null}}}}}}}}},"DecideAction":{"count":1871729,"self":7876.7456256,"total":7876.7976899,"children":{"RayPerceptionSensor.Perceive":{"count":16544,"self":0.0517264,"total":0.0517264,"children":null}}},"AgentAct":{"count":1871729,"self":35.687331199999996,"total":35.7190671,"children":{"AgentInfo.ToProto":{"count":865,"self":0.0029931,"total":0.0317352,"children":{"GenerateSensorData":{"count":865,"self":0.0222564,"total":0.0287421,"children":{"RayPerceptionSensor.Perceive":{"count":3460,"self":0.0064857,"total":0.0064857,"children":null}}}}}}},"RayPerceptionSensor.Perceive":{"count":4,"self":0,"total":0,"children":null},"AgentInfo.ToProto":{"count":13975,"self":0.0708236,"total":0.4792806,"children":{"GenerateSensorData":{"count":13975,"self":0.3390762,"total":0.40845699999999996,"children":{"RayPerceptionSensor.Perceive":{"count":55900,"self":0.069380799999999992,"total":0.069380799999999992,"children":null}}}}}},"gauges":{"Hallway.CumulativeReward":{"count":14862,"max":45126.6,"min":-3370.275,"runningAverage":7427.11035,"value":7634.10742,"weightedAverage":5315.9707}},"metadata":{"timer_format_version":"0.1.0","start_time_seconds":"1703656189","unity_version":"2022.3.4f1","command_line_arguments":"D:\\UnityHub\\UnityEditor\\2022.3.4f1\\Editor\\Unity.exe -projectpath D:\\gitHubDeskTop\\OurPhoneGame_GIT -useHub -hubIPC -cloudEnvironment production -licensingIpc LicenseClient-Happy -hubSessionId 97e5c0e1-bd5a-4fef-a1a8-e92afc3d473d -accessToken efixdjz57dF7eCmede9EfoIbsHV92N5M4eqs0gJP25M00df","communication_protocol_version":"1.5.0","com.unity.ml-agents_version":"2.0.1","scene_name":"ML_Scene","end_time_seconds":"1703667290"}}