{"count":1,"self":2030.9186559999998,"total":2529.3430869999997,"children":{"InitializeActuators":{"count":24,"self":0.0010187,"total":0.0010187,"children":null},"InitializeSensors":{"count":24,"self":0.0009527,"total":0.0009527,"children":null},"AgentSendState":{"count":320007,"self":31.0823936,"total":35.8288891,"children":{"CollectObservations":{"count":124523,"self":0.3503494,"total":0.3503494,"children":null},"WriteActionMask":{"count":124523,"self":0.054201799999999994,"total":0.054201799999999994,"children":null},"RequestDecision":{"count":124523,"self":0.51661099999999993,"total":4.3419438999999995,"children":{"RayPerceptionSensor.Perceive":{"count":534,"self":0.00099739999999999985,"total":0.00099739999999999985,"children":null},"AgentInfo.ToProto":{"count":82180,"self":0.49017069999999996,"total":3.8243354999999997,"children":{"GenerateSensorData":{"count":82180,"self":2.7360811999999997,"total":3.3341648,"children":{"RayPerceptionSensor.Perceive":{"count":246540,"self":0.5980837,"total":0.5980837,"children":null}}}}}}}}},"DecideAction":{"count":320007,"self":460.3645952,"total":461.25338919999996,"children":{"RayPerceptionSensor.Perceive":{"count":126495,"self":0.88877049999999991,"total":0.88877049999999991,"children":null}}},"AgentAct":{"count":320007,"self":1.3171925,"total":1.3191871,"children":{"AgentInfo.ToProto":{"count":38,"self":0,"total":0.0019946,"children":{"GenerateSensorData":{"count":38,"self":0.0019946,"total":0.0019946,"children":{"RayPerceptionSensor.Perceive":{"count":114,"self":0,"total":0,"children":null}}}}}}},"RayPerceptionSensor.Perceive":{"count":6,"self":0,"total":0,"children":null},"AgentInfo.ToProto":{"count":424,"self":0.0019925,"total":0.0209371,"children":{"GenerateSensorData":{"count":424,"self":0.0149567,"total":0.0189446,"children":{"RayPerceptionSensor.Perceive":{"count":1272,"self":0.0039879,"total":0.0039879,"children":null}}}}}},"gauges":{"Enemy_Lizard.CumulativeReward":{"count":400,"max":14.1602793,"min":-5.625,"runningAverage":-0.0107141007,"value":-3.42998815,"weightedAverage":0.405554831},"Enemy_Orc.CumulativeReward":{"count":341,"max":9.9875,"min":-2.80596733,"runningAverage":6.92415333,"value":9.464003,"weightedAverage":8.581757}},"metadata":{"timer_format_version":"0.1.0","start_time_seconds":"1703819223","unity_version":"2022.3.4f1","command_line_arguments":"D:\\UnityHub\\UnityEditor\\2022.3.4f1\\Editor\\Unity.exe -projectpath D:\\gitHubDeskTop\\OurPhoneGame_GIT -useHub -hubIPC -cloudEnvironment production -licensingIpc LicenseClient-Happy -hubSessionId 97e5c0e1-bd5a-4fef-a1a8-e92afc3d473d -accessToken 8WRKYScetW9bM4TzWEVa6da8m53tV7YH4yhkqrOJkCU00df","communication_protocol_version":"1.5.0","com.unity.ml-agents_version":"2.0.1","scene_name":"ML_Scene","end_time_seconds":"1703821752"}}