{"count":1,"self":808.9920512,"total":9346.9528472,"children":{"InitializeActuators":{"count":66,"self":0.0039911999999999994,"total":0.0039911999999999994,"children":null},"InitializeSensors":{"count":60,"self":0.0029855999999999997,"total":0.0029855999999999997,"children":null},"AgentSendState":{"count":315025,"self":1977.3249535999998,"total":2056.3480099999997,"children":{"CollectObservations":{"count":3627916,"self":9.157953599999999,"total":9.1579538,"children":null},"WriteActionMask":{"count":3627916,"self":1.5152961999999999,"total":1.5152961999999999,"children":null},"RequestDecision":{"count":3627916,"self":7.5385328,"total":68.3498877,"children":{"AgentInfo.ToProto":{"count":2001088,"self":9.5438352,"total":60.8113548,"children":{"GenerateSensorData":{"count":2001088,"self":37.712512,"total":51.267519899999996,"children":{"RayPerceptionSensor.Perceive":{"count":6003264,"self":13.555007999999999,"total":13.555007699999999,"children":null}}}}}}}}},"DecideAction":{"count":315025,"self":6435.5426303999993,"total":6457.4258162,"children":{"RayPerceptionSensor.Perceive":{"count":4880484,"self":21.8831152,"total":21.8831159,"children":null}}},"AgentAct":{"count":315025,"self":23.973532799999997,"total":24.051358099999998,"children":{"AgentInfo.ToProto":{"count":2142,"self":0.0069818,"total":0.0778246,"children":{"GenerateSensorData":{"count":2142,"self":0.0563798,"total":0.0708428,"children":{"RayPerceptionSensor.Perceive":{"count":6426,"self":0.014463,"total":0.014463,"children":null}}}}}}},"AgentInfo.ToProto":{"count":3292,"self":0.014955,"total":0.1286541,"children":{"GenerateSensorData":{"count":3292,"self":0.0778078,"total":0.1136991,"children":{"RayPerceptionSensor.Perceive":{"count":9876,"self":0.0358913,"total":0.0358913,"children":null}}}}}},"gauges":{"Enemy_Orc.CumulativeReward":{"count":6122,"max":9.991,"min":-3.01245856,"runningAverage":3.780933,"value":9.707501,"weightedAverage":5.47864532},"Enemy_Lizard.CumulativeReward":{"count":5434,"max":14.410285,"min":-5.54000044,"runningAverage":6.70406246,"value":7.135187,"weightedAverage":3.11057138}},"metadata":{"timer_format_version":"0.1.0","start_time_seconds":"1704721916","unity_version":"2022.3.4f1","command_line_arguments":"D:\\UnityHub\\UnityEditor\\2022.3.4f1\\Editor\\Unity.exe -projectpath D:\\gitHubDeskTop\\OurPhoneGame_GIT -useHub -hubIPC -cloudEnvironment production -licensingIpc LicenseClient-Happy -hubSessionId 1bf22f51-d524-4aa5-be3e-9feb8ce6e2e4 -accessToken KEdUObCltxdWhF4rqDRo8Jz57HP6UwRaKRvp9iLF_3s00df","communication_protocol_version":"1.5.0","com.unity.ml-agents_version":"2.0.1","scene_name":"ML_Scene","end_time_seconds":"1704731263"}}